company_age,employees,revenue_millions,revenue_growth_rate,ebitda_margin,industry_sector,offer_price,shares_offered_millions,underwriter_rank,venture_backed,lockup_period_days,market_volatility_index,sector_performance_30d,ipo_month,q1_return
3.7541447198148727,2858.9743217471655,51.02203180591638,,-6.240210287640489,Finance,12.950232959796159,19.605629009076505,3.0,1.0,270.0,11.141884127557628,-10.300678371593403,6.0,0.0
,416.3414689790212,397.7976216443949,39.12402506165564,-6.826212625749253,Finance,30.858495425349172,18.512652994383746,10.0,1.0,365.0,22.920949120532907,0.8407633673485495,5.0,1.0
10.533965548363595,1122.0688602176845,67.0614771169515,90.08538963095688,,Healthcare,,2.1260857722957565,3.0,0.0,180.0,,-1.5675497108892813,2.0,1.0
7.303540430207626,253.3064106234038,71.56049462377541,28.559530074160364,4.462175268321664,Healthcare,,7.806323504839904,8.0,1.0,270.0,18.437244588093094,2.9051236564241822,,1.0
,656.0582158842989,28.374703261859466,35.027476167874184,-20.362802364938076,Industrial,13.448351113515017,3.6343131744498196,8.0,0.0,180.0,18.439181946010166,-0.9049332892445321,10.0,1.0
1.3567703353168414,,49.2789926323217,56.266359900190295,22.811388495012825,Finance,12.560194180024904,2.0990714689891683,1.0,0.0,365.0,17.098542067210442,-14.059654885960079,2.0,0.0
,466.6100730236829,95.01579909208887,57.63814832394959,,Healthcare,,,10.0,0.0,270.0,25.15024498264239,-1.1067755064092673,,0.0
16.089846915839516,985.0924928708648,2.513552002509305,59.675757639009504,3.7314655520292366,Tech,14.102779685148445,5.427709444611262,2.0,1.0,365.0,17.497692240904726,,2.0,
7.352657229018116,118.23438585568276,4.822373528760121,45.968255550729616,-8.397261482747478,Industrial,,,8.0,0.0,365.0,11.282723229700988,7.06928819819247,12.0,1.0
9.850000493636722,9307.54754079604,208.070168057041,,-19.391588550852198,Energy,29.78241334704497,11.392552191495183,1.0,1.0,365.0,,-3.5855973968883976,6.0,0.0
,89.20828600910208,74.2589113475698,70.8357883075274,-10.583101641065795,Consumer,4.662060943463383,1.8633622166155135,8.0,0.0,270.0,19.072168300862852,15.42939738698053,5.0,
,65.2820478763322,,1.3413651745328004,11.331229295562789,Industrial,7.410528691414518,4.200594218298089,8.0,1.0,90.0,,-13.293124405214057,4.0,0.0
,2291.9684449134793,56.440166641213864,37.56588663097583,23.268794589019137,Consumer,11.450657408145203,20.51965680847247,2.0,0.0,270.0,21.618568109693,12.489339982420995,7.0,0.0
1.909501001991576,1322.7842056463687,102.06879734032307,11.143103749516051,18.148652924082835,Finance,4.545268097813659,59.64693551976644,4.0,0.0,365.0,,0.20544823297516168,8.0,0.0
1.605431909997307,1028.8322761174927,20.664816650176295,28.396541335175186,-12.33274132679411,Consumer,10.962576733848977,1.5128823732947836,6.0,1.0,270.0,32.91113950007335,8.87667897874845,4.0,0.0
1.6208913826580564,1035.3742803918383,13.45097365690668,38.21906025758701,-21.794261499335168,Finance,,1.1275821103204082,9.0,1.0,365.0,19.588651865867877,2.638411872469865,1.0,0.0
2.902029835683817,396.0853984790421,77.67406820826632,,-2.886706296331941,Tech,12.336124300094095,47.98868122900345,8.0,0.0,90.0,25.652344427994088,11.116444288203754,1.0,1.0
5.951422646886836,105.01660103665768,9.383276417728005,40.54801885588212,-31.526590483442774,Consumer,13.991087831297428,10.909284082298235,8.0,1.0,180.0,,-1.09889571642249,1.0,1.0
4.524296534242693,452.01114530858484,113.84694519231564,70.34278172646617,-0.1524842872282779,Industrial,5.719612972181313,3.100946129912419,,0.0,90.0,21.200155468232698,,11.0,1.0
2.753783940431532,146.0950493356532,2.548103895956847,41.3383575378495,-7.214038794480031,Finance,8.416408179005046,12.611752106508748,9.0,1.0,90.0,23.036811027110428,13.364034298168505,1.0,1.0
7.5709669911983895,1741.809161662156,348.0966416757671,,-11.990547528023633,Industrial,9.726772856953783,0.5295393829866862,2.0,,180.0,25.309168270525536,1.0921548329428705,5.0,
1.2018762298187093,323.5694997306718,127.82670358337016,,-28.92054600900193,,10.068089249925263,7.4140400495621215,3.0,0.0,270.0,24.34420983226935,3.772467788993685,4.0,0.0
,116.95090189627078,86.56135957975583,59.73676222311602,2.704001598545748,Finance,26.284680448122828,10.25557205337849,10.0,0.0,,23.233182000437868,11.878015312358361,9.0,1.0
3.6502177457667764,,,-0.6901953784248107,-12.99051259492867,Consumer,17.02383866901236,18.62063062704636,8.0,0.0,270.0,16.109479612835347,-6.255641936755479,3.0,0.0
4.8714775028782,749.4931525024325,1094.2823070719314,44.93500174624645,-22.54875253565432,Finance,6.253399437217973,2.680769949114861,6.0,1.0,270.0,14.56952374826363,,7.0,1.0
12.303488088247295,173.1941415511824,338.95458031505814,47.529318557772456,-48.08393319922474,Industrial,14.124386847435677,8.05012131419584,10.0,0.0,365.0,19.995645061945186,-2.7191580517031273,11.0,0.0
1.7818868970295223,,1.9866034741769045,,-5.412723575759544,Tech,16.427110497227925,2.9287490133058856,9.0,1.0,365.0,23.598768434046416,0.9426451548450252,8.0,
,581.4533918977799,5.456248468266944,64.39267033279049,21.58377395004616,Finance,24.145292247711918,9.538953235274407,10.0,0.0,180.0,16.663675795340357,2.5782317230743113,6.0,1.0
7.1800377704780844,582.570295228751,17.73121348381824,26.24861032418683,,Consumer,31.447654823031787,3.018179024894783,4.0,0.0,90.0,24.39103179428632,-10.001774891575488,12.0,0.0
0.38051079805126836,,57.22345635017172,33.139411336788555,-11.856443848794077,Healthcare,6.625616902550716,,8.0,1.0,180.0,26.715700472917078,,10.0,1.0
7.482664165196881,199.0274075399533,138.62691181466357,,-14.033180905426708,Energy,,2.729680597801254,10.0,1.0,270.0,12.502074485559483,12.808583139305114,1.0,
1.4956900158193314,571.3916669001753,14.785709445961206,30.389476189536687,2.031613841125356,Tech,5.728497527005289,14.170130196273664,3.0,1.0,365.0,12.978475777222322,9.089529508678364,8.0,1.0
0.5381114470344339,45.964689757443274,76.41508895314405,2.593122827619954,-19.975781587824372,Healthcare,10.586589774133094,17.434502002996297,3.0,0.0,,17.157749646567982,1.4988833813821212,10.0,0.0
,48.85244060434617,14.017558491621738,,-0.47312150270801023,Finance,16.116039602519148,5.8437892466850645,8.0,1.0,180.0,19.84567600913518,3.9449876681031446,3.0,1.0
26.96504273968938,137.32270516635944,18.160845938677213,69.86262658062431,,Industrial,22.029901947754986,7.677070238071534,,0.0,365.0,14.852597917397695,-0.3539400450916612,8.0,
13.218652582503013,292.8994196480878,4.340588880562284,8.825966292041805,13.403998358264612,Industrial,11.639789824367828,1.7356961729970526,3.0,1.0,365.0,,12.852667086623857,12.0,0.0
2.9063028797500663,643.1393044222933,,5.21519126359232,-6.502311147199292,Consumer,,5.475717689726325,10.0,0.0,365.0,20.544401169110706,0.397179377646689,4.0,0.0
0.8222185200200499,3688.7182738143665,4.792095117723141,-23.834752840092868,-8.055106252654488,Industrial,13.343839202204027,7.027249538458186,1.0,0.0,,18.23668228944444,3.8547367370787846,8.0,0.0
9.222006104789294,1460.4347360585643,,14.025956307762446,-18.169738801348416,Tech,7.381037851592733,101.5745580640009,3.0,1.0,365.0,9.384542856788835,,11.0,1.0
4.640726740683187,,363.78216252661935,-3.0772448351874573,-17.4032053105979,Industrial,42.67969298607997,2.4303443964051263,,1.0,90.0,10.105105101434958,-4.2189718787672525,1.0,0.0
,392.08383751929597,9.88562814725615,71.05037900340923,-8.397183378522902,Consumer,4.643198142819891,31.950161601236843,5.0,1.0,,19.686055501690838,14.470313475975152,3.0,1.0
5.468377825073201,89.67624914781659,6237.206698735031,55.24542723356585,,Energy,13.610538023108091,20.022542693023297,10.0,0.0,365.0,5.204426243070984,-10.243691277947015,6.0,1.0
0.2799497715478327,392.37981872783206,132.68424682396025,12.796241370556906,8.703769393498742,Finance,41.02426543596719,9.782904313090182,2.0,0.0,,24.07582445786443,15.03713704890239,9.0,0.0
19.20338309914419,261.6511274003611,76.1499956830263,86.31089513360772,-17.047684260205173,Finance,12.232298930604827,42.889218794344096,7.0,1.0,270.0,17.05107693376608,-0.9814046716157967,2.0,
2.3956622147254887,654.6350079229356,11.645921066694495,54.54413717478985,17.390328534392825,Industrial,,10.719939078029409,2.0,0.0,270.0,37.4585578175684,0.058410017397745984,11.0,0.0
8.690046388519843,116.64715216546895,192.58888413678497,,-9.066854015638532,Healthcare,9.830922216737283,,,1.0,180.0,31.847497503696665,-13.120081369463543,1.0,0.0
,879.2064782089138,19.372449207619546,,-5.320509415226542,Finance,10.932773169828529,7.006787674258569,,,90.0,16.9113055845149,-1.6383577390215431,10.0,0.0
5.872887167273829,4020.286185507364,68.00747777174178,87.27356431476855,-16.20817518721735,,27.76313564596561,25.117602179812767,4.0,0.0,180.0,17.36197798481211,-6.318452248215074,3.0,
6.32979038385438,342.70149021162337,5476.120377358878,-4.739311669089901,-41.36360390409413,Industrial,3.2312945719362705,22.119713706160027,7.0,1.0,365.0,23.97348908401218,-2.861170762987781,4.0,0.0
1.635108796063246,736.9850323888279,45.92879123741973,-11.134968673922295,8.260680945415746,Consumer,30.57125599043128,3.9523989058379594,7.0,1.0,90.0,28.219035659508226,0.9015122736889631,11.0,0.0
27.94245706188981,1135.9402346646027,432.1150997288355,55.564260800241,6.052658456386501,Energy,5.184252723464024,1.9753642375030405,,1.0,90.0,8.171825655383898,9.662332915783246,5.0,1.0
11.937963017105126,221.0014565392217,,90.99381015848182,-9.219913356773201,Industrial,10.381325867281507,6.031642505407003,6.0,1.0,90.0,7.281747207871881,3.6608268112050064,3.0,1.0
22.44075535433266,564.6119735405754,51.26563871376358,64.60682046276295,-3.995139241626921,Energy,9.416404688252639,3.3199888868961347,9.0,1.0,90.0,14.267791166673712,4.461413227208911,10.0,1.0
18.017215980273573,411.12142185634065,1322.7142364447457,44.097728001308994,2.7390882655614917,Finance,17.342011392092967,6.934267505856557,2.0,1.0,180.0,21.496425499043188,-6.764155110764499,11.0,1.0
7.2884352990662,467.08635168462376,17.662774618179245,44.86885854163215,-28.43818785329814,Consumer,4.6698427039214785,25.468391510587,3.0,0.0,270.0,20.981241543045584,-5.046032716821841,,0.0
,126.53074526587221,1425.6846085602879,51.33538896950769,-12.935790160194422,Industrial,16.075616158930597,4.677193941295543,10.0,1.0,270.0,24.4186287299031,16.389800146810494,,1.0
0.741243671624925,418.536985089732,195.18610417556545,48.97321474466913,6.913970194327407,Tech,41.04158307094968,7.079311227263756,5.0,,,10.801814829808151,-3.881608278105973,7.0,1.0
1.7450775570501396,,19.837216673679222,,-23.81434134753874,Consumer,5.376811805157471,7.830471574428598,9.0,1.0,270.0,,15.249666016458365,9.0,1.0
,3557.151672803411,170.43158075628253,32.6050275987969,,Tech,13.65114909083036,17.260676545712087,4.0,1.0,270.0,23.148085171812873,0.055510408953068024,10.0,
3.1482566944246946,1700.888837723493,314.37860542222256,28.435171802511938,-25.348727069351074,Energy,8.189154798408367,0.7812271440428709,1.0,0.0,270.0,13.030822362208593,,2.0,0.0
3.9370423343537486,10196.233702862777,,11.150885278333092,1.9964497365028953,Healthcare,15.729411813533037,,4.0,,270.0,5.889072813668172,10.562921281839438,7.0,1.0
2.5324835456706056,127.60998952603208,,22.98312307833065,-5.534622234462254,Consumer,12.323261638471447,9.127425681749727,6.0,1.0,365.0,18.87038247575629,12.175139375509252,7.0,
14.116462921927472,1492.9076720648702,14.748672570493502,-12.323920354884635,-29.22697723858264,Energy,8.2904798840723,24.534467274506927,5.0,0.0,180.0,22.759054129312062,1.1134995177673002,11.0,
3.5298159962389613,531.1332910176086,34.96915740562351,27.54150933013125,12.47109031685757,Tech,16.32541948867396,4.518127113224111,1.0,1.0,90.0,17.267657207272336,-1.105944428172311,7.0,0.0
2.6384227210739937,10771.988645187137,47.7519463627665,5.285222321227064,-16.018873651970736,,35.96725229063015,1.131390371862276,,1.0,270.0,15.252909682905065,,3.0,1.0
6.259256665661968,120.00729972424317,166.86911716532146,2.4102670696057267,,Finance,10.864034266710098,13.731760658416146,6.0,,180.0,17.04382660712456,4.703660225856947,,0.0
1.2151851825650308,114.48195779424432,75.17823806787158,,-1.9914620415358573,Healthcare,18.762398088555805,3.9143042948008238,10.0,1.0,270.0,15.776503425595303,9.130429494958044,7.0,0.0
12.96386876619785,164.17140456696458,4.935135622752044,64.80005715861498,12.229560241430729,Consumer,,2.2486574312728664,10.0,1.0,270.0,9.911717328358996,2.0338388719532126,1.0,1.0
0.6198069504904721,16.67909958127026,108.24055721534758,52.95791515005783,-20.237327284675956,Consumer,6.862955459155786,,4.0,0.0,90.0,13.711915938057409,6.951090384185229,10.0,
34.67317071669856,183.34460463188054,163.8668719076832,-9.262515090579427,-4.074802252280425,Consumer,16.174626787875617,6.143991684094128,9.0,1.0,90.0,21.127679430082885,15.106877858167527,1.0,1.0
11.835870209932091,129.19217282576892,149.54880677520745,5.259296585741563,1.4322475049585943,Energy,29.679887181263236,4.036004976271703,5.0,0.0,90.0,19.930071248259,5.050476898118277,5.0,
1.7723155240470876,505.5215556133646,381.9941544483724,53.51927969970539,5.396584108947161,,15.079979592122926,0.8141863100050064,8.0,1.0,270.0,19.008358835800923,4.493222848038227,2.0,1.0
0.0442993630074838,673.5983164989661,244.9514133909161,5.437815161542261,-2.353376670841622,Consumer,10.09626124633765,18.12090414301055,,,270.0,12.029109108879723,-10.151286600720542,9.0,0.0
13.519174219889008,6729.500896033376,124.77650070983134,24.384171250074385,-10.505417586249834,Energy,12.177315592100301,26.439921375362967,10.0,0.0,,16.910981027185997,-19.045841094632507,7.0,0.0
9.816767259096357,1678.4663310694941,,43.7513024756138,-17.413853309730797,Finance,5.753195039999115,14.175597371548703,5.0,1.0,90.0,4.937609721342872,5.107005833841347,,1.0
10.445303270303992,169.80394664429446,2.7463433053038977,5.791388628409116,-3.7078417543043787,Tech,17.508897771708963,2.3686361599629593,6.0,,365.0,19.07085998331234,1.241406149753022,,0.0
11.801716208348108,104.83398387913414,118.31053194343328,32.634387653649,-21.082085179784105,Energy,20.684814611118448,6.040630935750122,1.0,0.0,180.0,26.573146246881404,-2.1182613993179356,2.0,0.0
0.6154341241103708,843.7689973067216,79.34757112741994,-3.350637372955113,-48.82025725241911,,9.288209501604308,,7.0,0.0,365.0,9.155207207747367,,5.0,0.0
3.55114137932986,55.68162440099369,89.01829469259407,14.965808901219658,1.5483970623650176,,9.188702233676599,13.447515792708218,4.0,0.0,270.0,14.484433960093469,,4.0,0.0
0.9852008368355972,6292.968316426938,5.4840976260683485,37.994548353563424,8.559022616292928,,14.289527663995061,14.416025773698895,2.0,0.0,270.0,19.974640672260776,11.022242005071188,12.0,0.0
15.908236573265782,2366.4830363631645,7.799801052379967,-9.824843338291736,-40.44398653312758,Finance,9.374264902438359,3.546021253261096,5.0,0.0,365.0,25.5170558065649,2.688886946071823,1.0,0.0
7.8104095336989925,199.58426375027668,363.4621394576545,41.011868449009974,-20.145960570649063,Healthcare,11.708562728042025,8.020458232062115,3.0,0.0,270.0,15.310652302199102,-3.9753862805613407,,0.0
3.214550410010408,,,29.509055026832968,4.287313915077966,Tech,42.94125734666396,11.673022434882217,6.0,1.0,180.0,13.846498024404621,9.921329911674313,,1.0
,3074.2263689322804,186.17763694068404,43.812248860428696,25.86243204567548,Finance,10.504298764814026,31.6843327010061,,1.0,270.0,6.1864611455035,0.2629514004303801,3.0,0.0
2.9799068032828298,339.74326591250434,57.453336375792055,35.597853351616536,-4.688094384868881,Industrial,9.825646025127003,14.946939151201425,7.0,1.0,180.0,,,6.0,1.0
3.1465137054730508,2583.0456545780908,,64.1035107493461,-15.920044118437017,Energy,8.260415728712044,16.265668951733613,,1.0,365.0,30.252456240862465,-1.8192856495424037,4.0,0.0
10.463006271661927,36.905423250609374,295.57152376511885,33.130612566197684,-7.743446616572602,Finance,19.039488850200897,,,0.0,365.0,19.664150771788055,-3.198615083979491,,0.0
8.11911487140816,164.17574428778613,,19.264861471868677,15.623146287222774,Healthcare,10.927313669287745,30.279143591796377,2.0,0.0,,17.86632612489772,2.673345841485569,7.0,
17.458015299212118,406.6144948908977,64.91101931883858,33.05743757580709,-14.68946268686803,,8.251344667021272,,10.0,1.0,180.0,19.932493864601913,,9.0,1.0
5.112529067010478,432.88447483902144,23.757647539940105,43.582450725909695,-16.987880099753802,Finance,26.917655762765495,3.123368571741528,9.0,1.0,270.0,17.933447976308386,5.838616282934664,10.0,1.0
1.0189791489240152,205.38818887148443,24.97578587789238,31.221501758142608,,Consumer,28.552994098593693,30.065248507302975,4.0,0.0,90.0,13.12191376643922,-0.14916602647794042,3.0,1.0
9.993010754532795,1026.8743938663804,31.29599636666112,,-19.299929123880688,Industrial,8.497277860992138,14.84856566753538,1.0,,90.0,,-12.690878270163179,1.0,0.0
11.443142024614913,,81.43790181814576,12.450207804831116,-3.159945260078067,Finance,3.975203847509122,4.744357318139315,,0.0,90.0,19.354569138670527,-1.4621910687071091,,0.0
6.59109995908663,325.8479209825114,23.06352766956109,13.427477061226295,19.37017687704341,Tech,22.298250308869864,,7.0,,90.0,18.105679511601945,8.350547737150524,3.0,1.0
11.791119733770916,483.2061854572975,523.4078698682206,-5.06513179499234,-0.15381090325956404,Consumer,8.078628391079768,9.940084733615608,5.0,1.0,270.0,12.1478038363305,,6.0,1.0
5.4465178520822235,872.7579465148007,10.91029518669795,73.73941857967348,-8.785302531894313,Industrial,19.577390598391172,11.742148391937343,10.0,1.0,,25.821047591608554,0.028932779883615867,8.0,1.0
5.917430710218136,1173.1202016852124,,-1.096580884782128,-9.37716903373316,Tech,3.735709309437154,9.000609215273021,5.0,1.0,180.0,21.98821647199866,9.891012047247496,,0.0
,74.66689806322643,24.741551942911368,12.677370055102315,-28.447862130449856,Tech,20.81259647113367,,7.0,,365.0,14.682474975796188,-3.695785818071382,4.0,1.0
0.20598219192090983,40.399957940772154,,,8.246646657207386,Tech,5.890240580596928,40.445580313329145,5.0,0.0,365.0,24.010949122091624,-10.342425745943197,5.0,0.0
0.9133394815349267,2742.1984531945445,77.7733321281194,52.37310942361103,-6.167557955192031,Tech,18.88670945834259,21.575170772526732,8.0,0.0,90.0,15.014574969688757,,5.0,1.0
0.2554694503444306,664.1254205229408,349.78552153861745,22.626258042699305,-7.707198703859385,Finance,,,6.0,1.0,90.0,13.307979044933777,-1.8733916099898962,4.0,1.0
8.093836407420396,,3.765916765911923,61.193551816843346,42.89661351767291,Energy,6.873245069586654,18.940653308868132,5.0,1.0,90.0,13.441781295118277,-5.729970558026032,4.0,0.0
3.0191736703607988,4132.872493841758,88.2956178640461,13.162734393903285,-0.5187063745147062,Finance,9.542716680254308,2.6312949369341183,9.0,0.0,270.0,7.373588681471453,0.5969723528104742,4.0,
5.683497417073521,,270.787784781075,36.974854055595046,-16.276865751427763,Finance,18.389706416251226,,2.0,0.0,365.0,20.829254282509233,5.932045177974269,,0.0
,2365.9757049895616,63.314298017392446,9.116323668506066,-11.39536394308315,Industrial,12.981648053116377,45.11913111192032,1.0,1.0,90.0,7.013130729969898,1.925691507457474,4.0,1.0
2.2939105838663867,446.42781651848435,371.61734229958955,83.62872819433471,12.226685637951324,Industrial,17.29898429110786,5.941455307371394,8.0,1.0,180.0,10.629337012405424,4.455848581489902,5.0,1.0
4.226255799061381,8876.138495709414,21.517806245217646,0.31003952426218007,-3.300943841933533,,39.87957749819035,3.1656742667709983,3.0,0.0,90.0,5.5464719455288005,,2.0,1.0
11.269993180308667,5613.957933012695,690.0923245486216,37.745517755675685,-26.5741696747605,Industrial,4.765750526908118,3.8493762085028815,7.0,1.0,365.0,17.48358184325464,-0.7430308924605127,2.0,1.0
2.0784412553391522,277.70343877168125,3422.1237693481544,45.844422023302464,8.788434018628053,Healthcare,32.14727039754714,2.4852343542759083,,1.0,90.0,17.098077238368766,4.226789077157356,9.0,1.0
,1732.5618433279028,28.41424463873765,40.34497743628746,-15.022161283084909,,12.969670101682544,3.37109659948033,8.0,1.0,365.0,16.039822720881816,-2.073706900793076,2.0,0.0
2.7371224310964566,1062.1643280878443,24.485851513107384,25.367808528057292,23.099466643263185,Industrial,7.104508418199006,5.101282105695793,,1.0,90.0,11.744533831976543,-4.770877759095783,6.0,0.0
1.4064668680005028,3143.0449436528374,747.0200749079886,26.754482506664345,11.200720985719727,Energy,5.483874214147845,1.8120032130422823,10.0,0.0,180.0,10.966597479380159,-2.6792612273421588,2.0,1.0
21.239600687044998,,937.5122855217941,31.09528679947774,-11.709828434881267,Finance,10.875665445938106,7.5053667697873925,9.0,,90.0,20.786219181279446,-1.8300685721735084,5.0,0.0
13.207096643876556,,21.30308613365778,26.324949959287785,14.215245426026694,Finance,21.178575205392026,18.215578213862443,7.0,1.0,180.0,14.696688409749074,4.875806380377004,4.0,1.0
8.027953524164248,1973.6437454457132,25.62744196792554,54.09697791987274,-3.9821673420889505,Energy,11.284956186117475,2.9809553007085796,,1.0,180.0,19.898149929216867,20.79260629360606,12.0,1.0
16.412157844166504,28.843676121507535,32.877472738550644,,7.791605126833293,Healthcare,30.165321146012182,33.76024489302528,5.0,1.0,90.0,12.688507883254665,-3.7283474902067226,,1.0
13.023751525924451,68.38217771818914,4.85490279608088,16.06270537480416,2.2709922594171212,Healthcare,5.100275643266475,12.314680515546192,8.0,1.0,180.0,19.086376456626493,-1.3330024449237001,7.0,0.0
1.6519638108691126,18.937644874138467,10.4481663731282,-4.2450744894769485,,Energy,12.09444953557808,20.70925259407199,2.0,1.0,270.0,25.819668223896382,1.495015895110014,6.0,0.0
17.84650724188449,,,,-14.65324748476193,,5.746344614013876,3.827322398927552,7.0,0.0,90.0,21.5169948023567,5.166390789677976,10.0,0.0
6.200799215729376,1183.5969974093214,13.707791349381191,94.49273344135797,10.449412263717418,Consumer,15.152705995571969,,4.0,1.0,90.0,15.525517090701118,4.108406495638279,5.0,1.0
,3841.1826431169334,51.293662303556275,9.908135800756732,-10.021629981598114,,20.741415164548837,2.4795227437089173,9.0,1.0,180.0,19.543193822135564,12.272766351584938,1.0,1.0
,450.8533726788822,83.22822379152095,70.97792013610169,-11.054726948629952,Tech,9.464452362709762,17.997763511878787,1.0,1.0,180.0,16.556008952818722,,12.0,0.0
3.0618457313465477,4642.105520927023,889.7147333890551,71.94252035191101,-19.326838690240294,,2.553517156815154,8.774408325573454,7.0,1.0,90.0,18.04728110816837,-17.09543896156538,3.0,1.0
,50.899230862079555,9.051791796427171,16.160293957300134,1.3539859839019162,Energy,13.727057541074153,12.848810256150529,,1.0,270.0,,-1.9670253760811942,,1.0
2.069493969115051,31.340974815754855,321.1088997830744,44.224576979631884,25.937873788647174,,15.832157097596582,2.280524349497204,8.0,1.0,180.0,17.013988764687653,,1.0,1.0
4.456461541988915,371.1767824419394,37.144662271406574,70.70991557821345,-21.012993713814094,,,3.019013606659718,5.0,0.0,,19.27256011844505,-10.52518425284477,5.0,0.0
13.63063781311156,,49.94714381733891,20.52180647531282,-4.636708149908629,Finance,25.571266405814953,,1.0,1.0,365.0,12.039847802508296,-22.061058717550058,2.0,0.0
,384.121103996687,183.95204265635877,24.910490997440956,16.183308331231437,Finance,6.406850395437141,2.8623758471806666,1.0,1.0,270.0,11.90472703806013,,4.0,1.0
0.055811273453205176,18.153018400469044,7.236230062543479,15.457977151283906,-6.194620868685727,Healthcare,18.32249725991433,11.742400813636348,9.0,0.0,270.0,9.668744677012734,3.9492577896217154,11.0,0.0
5.719009274708446,352.9477188524629,108.67236642982884,4.631081732678329,1.7855769437460083,,24.915858978203268,1.882992362312793,10.0,,90.0,8.39837337297774,-6.721667254395438,1.0,0.0
4.3221865673493705,,73.67134921127507,13.768061373349823,-20.935902922203198,Tech,4.19061478372206,17.25624682433848,6.0,1.0,270.0,10.696303846677123,-5.8843168057674395,3.0,1.0
2.009338706206596,1101.5888472714587,132.47742786982582,-0.5985066690564125,1.424606458114729,Energy,14.758085403541799,2.1543233536633073,10.0,0.0,90.0,18.956775040824773,-5.757949757077395,10.0,0.0
1.0214431323651745,699.172413471139,,30.85208670648065,,Finance,9.00240803862237,12.836593222155637,5.0,1.0,365.0,12.643274907048696,2.884282539791521,7.0,1.0
3.2952686388994596,98.51219232911693,4534.818101579904,10.750669223533954,,Tech,11.600943095445023,13.81328670461132,1.0,1.0,270.0,21.081686785386577,-3.010522209464056,,0.0
22.904968981529198,186.64335885625582,17.32357045666301,35.84464779476869,12.810790773471268,Consumer,,3.6811609632450133,6.0,1.0,180.0,18.20828249251537,5.952511351804157,3.0,1.0
,82.36657547364815,20.993344963474417,-8.89739115509068,33.84345463027921,,9.09443657821671,13.22391016393398,6.0,0.0,365.0,6.188974719371679,-20.83701330323513,4.0,0.0
5.851622446081215,367.2274291546849,17.784851443138024,38.27200580536143,3.6944975982036343,Industrial,8.121989630153186,9.587328353074273,3.0,0.0,90.0,21.92985350533014,-4.8548149210223945,2.0,0.0
9.712695815046839,1690.3881916675418,20.088372910188177,50.83822404022312,-0.11305525126750293,Tech,12.434706204678381,,8.0,1.0,365.0,22.86479187355026,-7.008431687288402,3.0,
3.6157959917356988,91.96526307673577,17.334576887478807,,-2.0842354763399595,Industrial,6.344906954531047,2.695126968652653,1.0,,90.0,12.036823950990879,-0.05072542697993754,9.0,0.0
28.542385106333597,859.258470138855,464.1602021976548,39.35141424618931,-10.297494392160324,Industrial,6.350318204975753,1.0380815106801191,1.0,0.0,365.0,20.52114925736995,-2.3043820679211082,3.0,
26.256078916331184,182.1104866593241,704.0910262017541,60.6917248118323,0.07725765192536738,Industrial,18.313234034586586,10.481900913280832,6.0,1.0,90.0,12.861010575544807,8.382750239166132,11.0,1.0
2.3204903599376423,122.81642386592036,19.543772065432485,,-9.431021152085442,Consumer,6.114870423089964,1.54526779996197,10.0,,270.0,18.58602226049001,-12.87469417328046,5.0,0.0
5.501274227710778,343.5918464543327,12.203953643901446,71.81430967094258,-2.4730853559557855,Tech,18.1702837837735,8.128238223833907,1.0,0.0,180.0,10.413009558270206,,2.0,
2.863443680632374,85.38210336571925,127.5550455833712,40.47547523415113,,Tech,16.07965447605406,5.677731583817285,6.0,0.0,90.0,7.241361284792539,6.466691385693644,4.0,1.0
2.6819974110486537,175.8314809911663,20.20638250903419,12.37470360603978,-20.098138479194617,Consumer,4.325449054938847,14.5725959529513,,0.0,365.0,15.703096862322187,,12.0,0.0
0.30067582212418026,66.898942585789,170.59243182341442,28.60577305855735,12.098178416935681,Finance,8.112947226613054,5.462761879010235,6.0,,90.0,17.257626322350983,-1.8541277687478015,7.0,1.0
7.523936567860745,7685.476818335076,78.66996453487879,43.95817281304306,14.756726010097978,Healthcare,24.939817977982976,5.315102058860427,3.0,1.0,90.0,15.613921838312375,4.595668834820136,7.0,1.0
5.588157062637108,425.3427557283503,3.5667706015796603,31.900134785310286,-6.771027904866181,,,15.36159716312863,8.0,0.0,90.0,10.895816650664644,,12.0,0.0
0.42280869904313984,141.2331029885526,884.9307225984136,43.46889981115923,-36.82782348512892,,9.219837775950044,10.330059355860579,6.0,0.0,365.0,15.600605627213177,-17.13564963450419,3.0,0.0
2.613007368082955,556.1120852452528,1383.787815012751,6.983160173015843,-14.117329806416487,,16.074538104812458,10.13663366337196,1.0,1.0,180.0,19.615768515484405,8.7581950062536,5.0,0.0
19.110887608714723,340.8723017457611,18.119348715725266,34.23402060090195,14.454918198416639,,19.492588288904503,11.813791141236248,5.0,1.0,270.0,17.73064181926478,1.9555176508154355,1.0,0.0
2.1908844171366164,289.6130149710651,,-5.342862422624506,-5.343020934483232,Consumer,10.475892534892026,1.5911036211269085,,1.0,180.0,19.09500618359528,11.428101518387383,10.0,1.0
,1013.5862364780471,91.33715896353685,27.21934846628249,-19.98953348442366,Energy,,15.74918597780327,3.0,1.0,90.0,13.979308797274602,-8.987223111757993,10.0,0.0
5.37817687578909,1256.721424969569,99.68569856321334,7.402308963380257,-12.571623818423262,Energy,,13.632665584016069,6.0,0.0,365.0,25.030307488296955,6.15921711623002,10.0,1.0
33.95229586092208,182.04397496612452,178.64126536147637,11.611751435255837,7.609300397568296,Finance,34.582224188776216,2.673308573604586,5.0,0.0,180.0,10.942959980671317,16.950542724350825,11.0,1.0
2.2171585084778096,170.080633453823,2035.2382552682914,60.90232938026094,3.20100352302069,,,5.788768220194402,6.0,1.0,90.0,,5.357644866858127,1.0,1.0
8.921240082378347,267.0464075305019,39.705709382360176,57.28275301485672,-8.583981487545415,Finance,12.822364662531447,7.104246560551103,10.0,1.0,270.0,25.09134655775977,4.21265204472839,,1.0
11.471101009915703,12.770250075470862,12.97552589751278,45.228453022679425,-10.502366177220313,Energy,7.501031669498471,6.459185431172808,1.0,0.0,270.0,20.885448556493373,2.0684486465947987,10.0,1.0
2.1706653786864463,41.563127111621974,4.559556634732283,2.692180883185525,-10.876372235657328,Consumer,7.401875070853992,10.317690709647726,7.0,1.0,270.0,,-10.567051657007298,9.0,
10.42199142793853,3134.770990657654,14.648324028071112,22.089788757629954,-18.836152767477536,Industrial,16.668295852945885,30.918873237352678,9.0,1.0,90.0,14.830217720022125,12.844583485682785,1.0,1.0
3.668182394114432,,51.437704227334706,60.32744249947959,19.230635342041627,Industrial,15.658891968460386,21.796877545374574,2.0,1.0,365.0,24.216525906277536,-2.8868611184405264,,0.0
8.00402998185417,,1380.504311255509,33.54292284099762,-9.834807038170098,Healthcare,28.246206228216202,1.9892959985425893,10.0,1.0,180.0,9.462150448429963,6.0358660510641355,,1.0
8.030702617101106,957.9881846879132,,87.98323849954235,13.257377812382448,Industrial,17.998169450346538,,5.0,1.0,270.0,12.179254437722138,,4.0,1.0
,643.46988797992,81.6807464845769,39.83294598485929,17.81974077883677,,4.943886777707899,27.908556308502135,10.0,1.0,90.0,15.614653407049673,,2.0,1.0
0.7570332704929676,40876.933616488954,53.00778486807847,34.80122791225079,9.974663472219406,Finance,,10.878719273749597,4.0,,90.0,25.42592254507199,13.480699193777884,9.0,1.0
,2163.239979124559,463.6397696572176,22.272088394937466,-11.474304690770726,Finance,6.693678835088599,,6.0,1.0,180.0,20.278605816245374,,9.0,0.0
3.094482349339173,,5158.898499364977,33.33852261955706,1.0559513550491415,Energy,9.67569660488254,55.27222078523378,6.0,1.0,270.0,12.191725448938527,13.626203808340357,2.0,1.0
1.6514568528604523,96.22501346472202,,26.188254090486403,-5.362934095863743,Healthcare,14.155738983713388,20.567446237572046,2.0,,90.0,16.13815376769058,1.3741547275318575,9.0,1.0
0.3330380783547616,36.246053978633874,22.62394827600785,47.70271691721476,-18.555527910951923,Tech,40.34229788607429,9.481178241687143,2.0,,180.0,14.314061135422234,-12.73518218366286,6.0,0.0
7.150227236756668,547.4085708152329,357.62665486132306,53.917557919864606,-0.1346107741759548,Healthcare,78.7242416155076,21.01189012839298,4.0,0.0,,13.741266046598788,9.136540797853765,8.0,1.0
9.054813874138791,129.73240190710357,186.30864521358555,10.350263487301262,-22.685596867397038,Healthcare,,8.541083156715748,1.0,1.0,365.0,23.873337351340673,,10.0,0.0
0.13381558046776496,,1516.367856728694,-3.2808238389444497,12.815190826923455,Consumer,10.914389200220077,7.567804835416251,9.0,1.0,365.0,9.769541224418965,,4.0,1.0
5.741044676395907,152.95452785187933,156.18961244890536,-15.905134327582417,-11.969259459475897,Energy,16.788655477037967,5.19962113503667,7.0,0.0,270.0,27.65268513440624,2.201686940320657,2.0,0.0
2.054593176439661,79.65286412390427,28.59621128743631,42.69978317281359,-1.9826051619074105,Consumer,20.750975456514944,35.28342683144473,7.0,1.0,,,-10.344945823542963,,0.0
8.288994732381536,,158.09224554813392,2.4158348456531584,-0.7506819268078679,Healthcare,10.050269244720571,3.2594919316899134,3.0,1.0,180.0,24.545170023622187,3.3143581229645527,9.0,0.0
1.53283378031307,1513.9230929135492,401.6842953168614,-23.82226482381207,-8.88357460556116,Healthcare,35.7706174054175,34.204859502059165,3.0,0.0,90.0,15.222362927848451,19.569785137222393,,0.0
9.393700220541753,398.63293777701637,239.09666498257135,39.7144651132741,3.8004070221291215,,13.985798969941847,12.180838761444834,1.0,0.0,90.0,17.100355685525344,5.943891668115674,12.0,1.0
3.9116696078488142,3714.1911512116426,136.0596314243299,92.32498793581976,-12.123554849337866,Industrial,,1.823383471007513,3.0,0.0,90.0,9.401089112851729,1.539857975956295,7.0,1.0
22.082750542434457,453.0726380258313,372.4170920095805,29.848227211502667,8.069459461858662,Consumer,18.166051521622187,10.672275381900272,3.0,1.0,180.0,14.852025557599182,10.602747215655182,11.0,
1.1835553075142315,110.83844581383812,447.972596851606,50.96226936129105,-25.189695203701227,,15.688876630313684,0.9048134332387976,4.0,0.0,90.0,20.961929085858905,3.685347721624886,3.0,1.0
3.337059471961374,3962.7207083577537,657.1328360835665,32.04573396368912,-3.1043063068038226,Finance,20.15322449753696,13.811588923750437,4.0,1.0,180.0,25.776378370688377,3.6762738421023546,3.0,0.0
0.9635542802959713,905.389343980161,175.50680159137522,27.527758670221434,24.083934985874272,Energy,8.411906040431232,17.907712446573438,3.0,0.0,180.0,11.357059099185289,-6.733001377272821,2.0,0.0
20.68952317720579,85.12585159821909,40.41445247114428,52.97691207469421,-20.00496986908362,Energy,8.714767039489052,4.086316873220257,10.0,1.0,365.0,15.806964378088406,3.870784206316787,10.0,1.0
16.786669657287952,303.230118080828,71.09980794286227,22.743136395283717,-15.166174557872772,Finance,6.295955607701945,8.360746320972122,8.0,1.0,90.0,17.092204678604865,10.283547331335559,6.0,1.0
2.3866189604919112,108.48073720337979,479.0074448215315,36.68480785179757,2.7086177448837248,,,52.15173413645963,8.0,0.0,365.0,9.62526478684509,,10.0,0.0
8.630101912351316,50.69363719218433,12.547429102760201,38.04244515490034,-2.306273270906031,,19.440565772010334,4.45600799011905,1.0,,270.0,21.548095450550402,13.395966569975581,,1.0
13.59587258111377,1618.5182048789716,106.01832494086642,13.29773865892378,0.25945148910338833,Industrial,16.033234427973724,2.56277950321933,,1.0,270.0,13.656058009544346,1.2663518068389923,10.0,0.0
,7073.60097356239,,54.80105873841307,2.3378069522149527,Tech,33.271309864957125,32.51376058893795,,0.0,270.0,16.827657892937857,-5.102156092308325,4.0,0.0
6.0342352815515685,49.50871126642084,57.49745473139911,25.626006082614783,4.520822028426549,Tech,12.141658474558387,52.593218760562394,1.0,,180.0,15.288303768528735,9.981056615361956,10.0,0.0
2.215016363503225,938.6604962921834,545.2330689479916,11.106371012678881,11.645497629343346,Tech,18.196786150556616,7.416414147584753,,1.0,180.0,13.263968965681954,-0.2943538859061543,9.0,0.0
0.7818091237995258,152.02365691235073,77.01331449583384,43.41274608926009,1.1472798539276878,Energy,6.327969903161072,20.317102832579437,,1.0,180.0,17.957730087116673,8.076119099888864,9.0,0.0
18.200985801556183,194.2822355686172,59.35793358507895,7.538300455224068,-8.618864819278137,Industrial,,,6.0,0.0,90.0,,-0.33406905806829723,6.0,0.0
18.454195421187414,165.9039677857223,4.72212517041785,30.704528934228208,5.0886055180409695,Industrial,18.491712422298363,3.516674390005384,10.0,0.0,365.0,15.768852706328007,,4.0,0.0
8.021359355863078,110.38937027652335,209.19282177205685,29.77202508389491,23.498229023428234,Industrial,20.27647336569189,4.5480299657057115,5.0,1.0,180.0,13.629230269917944,5.948481634674333,,1.0
3.3123720784905912,433.88626689743637,174.49071412687755,57.147389145789454,-6.9895061957386035,Finance,10.212575278814407,25.301774032952462,4.0,0.0,365.0,19.91714802469773,4.327176460720047,1.0,1.0
3.4365409264931515,115.99821758983522,2680.767738178181,41.86745582199882,-19.617939570059622,Industrial,11.670221762293755,39.84569139081224,8.0,1.0,365.0,27.92170361095371,,12.0,1.0
10.355723437816945,605.2764154123425,31.374616588317135,29.374326031371403,11.606210039304592,Finance,4.900198683715149,,4.0,0.0,365.0,18.839323397034764,-6.969949920755134,4.0,1.0
18.192778792858018,374.14478038197655,81.00173626354321,50.44415748000718,-6.805717459303974,Tech,9.833377631010412,3.065423235560347,10.0,1.0,,23.976709289466775,,5.0,1.0
17.449060555172906,281.90719744437257,85.53200476857772,,-37.590043190210544,Tech,20.78496519361927,53.896261290655566,2.0,1.0,90.0,9.658668449079224,0.942907288787622,8.0,1.0
12.108497535447226,103.40512306577239,933.9434623438756,,,Energy,17.20367475702352,,3.0,0.0,270.0,18.946568635762617,-2.189850422171374,12.0,0.0
8.21848554854164,169.83765397424781,45.99202637101534,30.258815496084516,-13.029922789308841,Tech,16.451216614892523,5.284945033676884,,1.0,270.0,11.415790086173601,-8.868592122059795,2.0,1.0
0.7031338095686724,1252.7380048493999,90.21888257866183,-2.795905808753986,-6.357999234562412,Energy,12.551801640778056,10.405534566902542,8.0,1.0,365.0,9.138450434808592,-6.637890570206787,12.0,0.0
1.410353717467292,,163.07557073212487,3.3721584231156854,-0.020295041464781782,Healthcare,12.234231645110839,34.95845724670444,,1.0,270.0,13.563771555245783,-14.17438911969558,5.0,0.0
18.305844001420045,93.09934350944765,76.39340891321069,22.369382391133307,-2.142504803314004,Healthcare,8.197320366701726,17.356654483081115,9.0,,365.0,25.151396006481438,1.189754250387737,6.0,0.0
7.459951575724716,468.24818170432735,24.444848387164146,14.762194946017921,5.641777257085593,Consumer,18.528258480945777,11.188265438697098,7.0,1.0,90.0,23.700094972017872,-2.787500644648375,5.0,0.0
0.07391684488795527,1245.236418262186,77.42904644135426,25.325717425363848,,Energy,,11.743366525125921,2.0,,90.0,19.4580283323264,-5.732703127882521,9.0,0.0
0.8559752114875946,32.979695305337934,377.11008585661943,31.416248122427678,2.6965869726412404,Consumer,16.366086685866122,7.7176866982246075,8.0,,90.0,8.803796640660416,1.4550125986563751,10.0,1.0
,911.453236191887,8.604389336836858,43.24231885891827,-8.893200163758758,Consumer,8.885130013315583,12.91177278941779,7.0,1.0,180.0,16.82231609167238,,1.0,1.0
,149.3159247447155,69.36243326029172,,6.082157213312545,Healthcare,3.3467651353542798,0.588863967098955,8.0,1.0,365.0,,18.745583457679558,3.0,1.0
1.4025265288335924,949.4643684377933,15.48361755602516,42.162541095655044,4.230512260195802,,23.530362936882646,5.492549518700473,3.0,0.0,90.0,19.053217377471587,-10.095067356505709,2.0,0.0
6.3655827691114535,128.394976310938,469.2257200368271,31.611860370253005,,Healthcare,9.140339474394292,9.40575687115354,7.0,0.0,365.0,6.9372384991155265,11.275048346404176,12.0,1.0
,,3.519305156452429,-19.386664158846784,11.289731742625484,Consumer,,2.3372754569776295,10.0,1.0,270.0,12.658092911880768,9.784812488120576,3.0,1.0
8.44353185708199,35.11703509837945,19.96420010623949,6.5166151545311415,-13.039451676710721,Energy,18.468883576493567,10.87344216818984,9.0,1.0,270.0,17.6155334151077,-4.232741915013604,,0.0
2.031598938464196,,107.66035118569769,26.397811106959615,7.120866974217176,Consumer,9.629125541701915,6.022658535407437,3.0,1.0,90.0,21.21774545710314,3.6258876366882484,9.0,0.0
9.963338311188311,595.6086075378196,914.1029963900116,-0.24236857102768994,,Industrial,23.010757648493115,42.754553242836366,10.0,1.0,365.0,,-1.6610659947009219,9.0,0.0
2.1665900724224474,103.90999194477578,48.504158186313965,44.998218249905115,22.572755151926838,,17.640608928622257,,6.0,0.0,90.0,17.02725614712085,3.4855086433499114,10.0,0.0
3.1490792713446756,1051.411354950757,20.098412904094815,68.26877080859244,-8.351989735577781,Energy,18.359397962115867,4.637588127009999,2.0,1.0,270.0,18.858292619273715,14.073048107236405,2.0,1.0
10.978860413326325,,1613.3736896781993,60.46904629243292,,Consumer,5.367845262170361,6.354494059138258,2.0,1.0,90.0,23.097671931097278,6.844849861050504,3.0,1.0
,365.3589525700189,4.029228745077622,24.6639282267448,,Industrial,25.208125706984692,6.862367057890475,5.0,0.0,365.0,22.15714550542462,6.068866985867536,4.0,0.0
15.135648619707208,65.59344061701157,1.0430501716606921,67.2681534212488,-9.54769674251413,Finance,14.249906121674803,4.70365809392619,5.0,1.0,270.0,21.495427912852833,-1.442474559637139,9.0,
8.5745063053581,151.75173122807334,120.54534751904681,33.71668643005279,6.999128529130751,Healthcare,9.761379341885485,8.98022541622104,7.0,0.0,180.0,13.200356959788394,-9.872453319394682,3.0,1.0
6.720354444698059,433.15602890021097,22.11602361303609,21.57285072204902,-29.244659126548818,Consumer,13.276998214131906,3.461555072821642,2.0,1.0,270.0,6.5519871772601554,0.3322543156767368,7.0,0.0
,110.98332358739334,8.686594099738928,,,Energy,4.196533638104899,2.385442555677154,7.0,0.0,180.0,,11.652865238911321,12.0,0.0
3.6673304576561603,226.5955439687173,195.39860592956495,22.43825783779679,-21.017043823687896,Healthcare,15.56759775056871,13.77301473663685,5.0,0.0,90.0,24.00979095125136,-10.21734285271718,3.0,0.0
2.4652811828706493,1825.189714604289,84.67676854765892,20.295579536469283,9.254613879603635,Healthcare,6.569101696661376,13.867244996694536,6.0,0.0,90.0,26.36072716514659,-6.440714945413561,7.0,0.0
2.23760162929937,169.8069486702728,19.779745600756996,34.260405559387195,,Healthcare,5.410804719631757,,8.0,0.0,,22.263294613786712,3.0101418898725454,7.0,0.0
28.898475249303406,1413.095784035174,5.449108854623775,34.01434952624661,-6.566738278062072,Finance,4.887028686682552,18.089930016354483,10.0,1.0,180.0,20.576044936810405,-5.8772382787780995,9.0,1.0
3.99509997632019,74.10179218289701,262.54518246709296,30.07615050383536,-7.53232584785016,Tech,23.75072425573385,3.929146673322701,4.0,1.0,90.0,20.277837890315794,-4.340187576921701,2.0,0.0
17.808441689988182,893.1068859910583,175.97855135763928,40.923454243658746,-3.9492175533022795,Consumer,8.351506684012634,9.517814356447662,,0.0,180.0,14.663287519435316,-1.3887886538254168,6.0,0.0
7.978675085891865,3506.4272864980953,45.67190986800244,59.76615686965853,12.428174539122857,Tech,30.576649393803844,16.782623113207716,6.0,1.0,,17.21963823867828,-8.924939233521195,9.0,
12.670602021507198,9.899985077429612,1516.1759066568936,53.73885338603309,-18.910297012858614,Tech,8.833215655077431,7.144818690169266,,1.0,270.0,28.014417154957986,-5.792974769730947,12.0,1.0
5.587482595110163,122.0776254765267,7.955371975134852,,,Tech,4.3735945629432065,11.64341649020638,2.0,1.0,90.0,12.344651965248742,,12.0,0.0
6.88124722113268,958.7287525036018,3.504523954661363,-33.84802837254887,,Healthcare,6.23441865636761,4.408658094146407,8.0,1.0,365.0,27.688672744259108,,,0.0
5.426347466733548,297.5052645916543,15.714211189095618,53.35799778098185,2.5164125490976783,,25.57171791937289,,10.0,1.0,,16.06783107304765,-10.782977075958701,2.0,1.0
1.737719162601908,,50.29698679101321,-4.171967460385524,-2.156275751018849,Healthcare,11.094628732600862,6.014303621767721,,1.0,365.0,25.95259265457047,-3.040199836271155,5.0,0.0
10.25409442452643,,84.60649263659565,24.380864952682913,10.015691388507118,Healthcare,8.767288873018492,3.502306156807403,5.0,,,9.559109943014771,7.855644020078766,10.0,0.0
2.6366189469301036,459.3831821122746,35.36685548650711,0.7471743485160118,-45.548484394988556,Energy,13.410137295207356,6.191800005325207,10.0,1.0,180.0,21.515425206987896,0.4246255360248836,10.0,1.0
0.19693184864550892,319.4127478696208,102.89403926679334,-15.049510939500493,5.168129792963615,Energy,16.46224606182349,1.5704806219394336,,1.0,365.0,,-1.7166486249249466,12.0,0.0
8.295750290362191,2325.4598711125755,5.738678954002635,43.5365682051197,-14.811135246911357,Tech,23.817945032779953,4.52151110327805,6.0,1.0,90.0,,2.3548703801248565,10.0,0.0
1.5594685617985815,590.8908213853401,734.1961941146623,48.97887900756617,-32.45949345284686,Healthcare,29.052354732658834,5.5573673983766,8.0,1.0,180.0,19.311204254465675,-11.965659462877216,8.0,
22.568665178186425,669.4148637472545,47.09316524367348,15.587239981832013,2.6680389928747106,Tech,9.817228108657421,5.719150312001354,,,90.0,24.056830731575815,5.95764523020026,11.0,
24.620499302304186,,407.9450552614173,-34.77605730362275,15.604878177444366,Energy,5.49792851880994,5.803740097518028,,1.0,270.0,12.930351368439021,5.067480251229153,9.0,0.0
19.70807907707073,194.14215799597156,,16.34388879368793,-7.061727719415378,Industrial,9.505978375150463,6.946485165994962,1.0,1.0,,9.005904237249592,-1.27446779276577,2.0,0.0
3.6982991719789338,210.85331839985884,124.23262230572578,39.79510013506366,9.293118208044083,Consumer,14.241614878594687,11.93459729954799,4.0,,90.0,17.44893141399027,10.047396094371333,5.0,1.0
0.12461852297555506,729.0032670636767,152.2587086183616,-6.972789219353217,19.18417386982968,Tech,6.8328690022253395,17.716866122247296,4.0,1.0,90.0,,-7.01996879162431,7.0,0.0
21.084187658655118,214.5458093070238,,34.58399799447889,14.72371680376071,Industrial,6.860013783984587,3.8583312569623356,1.0,1.0,180.0,21.28991776532699,11.023271946028553,6.0,0.0
4.4715062164244905,623.0721267399662,173.62554981691338,29.61725377067511,19.599467940570893,Consumer,14.973361598937583,2.2184286825255177,9.0,1.0,90.0,23.69756742818693,3.235949324762009,6.0,
27.20673612897645,9073.389682817196,,44.48228749002721,6.131912366078383,Finance,,2.60636254341131,,0.0,365.0,17.643508912365036,,7.0,1.0
26.509883809041643,1490.2319458014035,77.76862758592785,32.98950921035383,-3.868495416476108,Tech,12.424597750419823,,,1.0,365.0,29.133019888765578,1.8410109170535074,,0.0
15.339096137435352,247.3896692345078,195.62640896770847,5.673276477961114,-29.029487178457526,Tech,7.728407293873123,5.19698516860006,6.0,1.0,90.0,,1.141881873512466,3.0,0.0
2.7902085453772822,2445.050077381655,46.454612018273444,59.91428754161228,-8.690937321949228,Finance,10.609603393418224,3.4212429947575944,8.0,1.0,365.0,15.921440963958602,11.762263171341736,10.0,1.0
3.8903354567895487,218.74068477989596,729.391764707994,,-17.648698929742878,Finance,6.9968504594417995,2.021587989019215,6.0,1.0,90.0,8.330595845383034,-6.613433019768108,9.0,1.0
15.237813219824638,18.96913523975198,16.15926963622308,29.317386512251705,27.564140762467204,,20.782661278058104,4.682720163166481,3.0,1.0,180.0,16.424042878102995,-4.100153913172786,8.0,1.0
3.0491698514457366,88.93186667917483,1396.45586271495,6.668301023170098,-7.63828718648505,Finance,,8.858935583646426,6.0,1.0,365.0,15.981678327533182,10.290423136579838,5.0,1.0
1.4857489303660383,24.38119451293124,,18.917943720212243,-3.151927898232715,Healthcare,4.024043660072308,,1.0,1.0,365.0,23.761828777688823,-2.764279481470874,6.0,0.0
6.509895936481822,238.10929094927405,4.156215049266005,7.879932149327477,3.272280640607013,Consumer,6.9747290695974655,4.231586352101487,4.0,0.0,90.0,20.774901744401124,9.204264618652733,11.0,0.0
22.010347766456334,414.72994305627145,,25.676348501914426,-4.3459633044131945,,4.963357598723039,4.889070374043911,,0.0,365.0,10.923785270204297,,12.0,1.0
9.526604782063497,4987.32996513234,16.024311159964586,,20.425765606461297,Consumer,8.248122835419306,2.9250210906974794,7.0,1.0,270.0,,-1.2143602155330693,10.0,1.0
6.752898691485244,658.7809361472426,247.93296028242068,-4.2975285732839055,-14.33974042601678,Healthcare,11.58761920393491,7.160364085609665,10.0,0.0,,22.02918703037432,7.450898612602443,1.0,
0.8178255787945831,290.426115056158,16.865613369988907,-10.339034946918531,-2.080888171441359,Finance,,3.1631594871799416,3.0,1.0,180.0,27.168188156327,-7.229538250718868,10.0,0.0
7.636245724141742,1399.8332085769184,24.455859026847957,66.77925818734022,-16.137058785470725,Industrial,,13.106755879205327,9.0,1.0,365.0,23.325023804484356,8.037866384542474,12.0,1.0
36.88455798277054,,1.8199821335286952,24.766908071203346,-24.800337668310586,Finance,6.670038131322197,1.2387880319478062,7.0,0.0,,22.565079925868865,3.595391887894137,1.0,1.0
1.2073646931381132,574.4550413168944,24.187806084146864,13.273181533502086,-14.176536363579281,Tech,13.795747570893006,5.157078967057326,1.0,0.0,270.0,18.360515967690983,5.784306257281722,4.0,0.0
5.84396259985203,1282.1553280035525,0.6955984060830397,,-5.55555195572618,Energy,12.700058531351376,9.98523337538203,2.0,0.0,270.0,20.3298720325407,,2.0,0.0
16.788869103206356,43.90905799818735,3.154957160856947,14.859611506578398,-11.4395333677589,Consumer,7.900748232776363,8.88029268357092,1.0,1.0,365.0,25.497029404236955,-11.28866732453738,11.0,0.0
10.80027398682936,2243.1380166869453,214.5936803082845,75.6502428386734,-15.38631469810784,Finance,13.54601655987222,109.18390517934245,9.0,0.0,365.0,10.0033356151221,,7.0,1.0
9.552595402413385,670.3128952734671,224.62678363465537,46.948146783481725,-26.09476195507751,Industrial,8.775747485419778,10.483473078037036,9.0,1.0,270.0,15.903364036698264,-14.507225219835636,2.0,0.0
9.69830044979592,216.38692597794437,117.42779231748767,17.802214796357433,-6.246583589430422,,10.350211288019066,2.707282605318095,7.0,0.0,90.0,13.364587507462556,-0.5388039379402785,10.0,0.0
3.563938738519593,1042.2871906433804,9.57775232040381,83.93270533163758,,Healthcare,33.25054819983795,6.716288886192856,10.0,0.0,270.0,20.274918712356744,9.529454931359759,2.0,1.0
2.7804966741367614,12161.606821380336,50.1049376410666,14.85712692491654,6.400839455344039,Healthcare,27.22883796789535,1.250762876721858,3.0,1.0,90.0,25.381333053904726,3.5351818869842884,5.0,0.0
13.258996058077699,,54.24524992695798,48.552384300232674,-3.7634037059824506,Industrial,5.585931797146438,6.816868830747064,5.0,0.0,180.0,14.418154279673557,17.586741158318503,4.0,1.0
13.29062559269623,585.420785108805,6.786555749273837,37.4823145101623,-26.86327249197396,,20.04218797663071,3.2121610759287966,4.0,1.0,180.0,3.658173795183373,,8.0,
16.14360037894332,202.54430458491623,817.3904953694978,62.54353223496995,,Consumer,19.822901935601518,18.456013928540074,7.0,1.0,270.0,15.52667552985318,,,
19.55692769469309,112.75681790773638,264.87343894994655,69.03777991817131,-16.282346083858748,Finance,6.116818000474679,4.265074827781813,9.0,1.0,90.0,23.48084239210444,2.2185070388115093,12.0,1.0
5.72874589546323,1401.7878334803497,36.68120458064767,30.800103726644167,-0.21238234371229314,Tech,19.910885381085812,6.574733758267198,2.0,1.0,,21.22577941769928,,6.0,0.0
5.569475020409594,,57.3053799472483,11.164553241345413,15.106756690347169,,30.65387712279267,3.913539308693987,8.0,0.0,270.0,20.569117486863455,-10.657414106769018,5.0,0.0
12.8075994584679,449.1466081011198,79.44691432702412,41.49930357347791,-33.127587044686166,Industrial,6.211939190824085,42.04966214787269,9.0,0.0,90.0,16.320040188753122,-5.523191331874826,11.0,1.0
,197.06109939252948,,13.057115756197348,-3.2746088127887427,Industrial,7.025162224378767,5.358891981705128,10.0,1.0,270.0,10.325815582681281,-2.486087255838882,2.0,1.0
9.684405188092136,827.5501739783689,34.9906439997921,80.33468118816558,-7.401991933499605,Finance,22.434431070828264,46.1804728649717,10.0,,180.0,21.091765929746806,-14.289764022847493,11.0,0.0
12.708955799633639,665.4697338116497,15.9974343075607,33.413383277068434,5.0701011467569845,Industrial,,16.67902200000297,9.0,0.0,365.0,12.994309139792252,2.3799477460131437,12.0,1.0
17.658587810774137,1912.774177838598,8.998734732623708,20.866961217197282,-1.802050576434663,Industrial,16.960477172580614,11.965969275749503,10.0,1.0,365.0,31.104580400282735,0.007425242775674246,8.0,0.0
3.2998592571012337,187.7244885874736,32.91799513417367,34.61700764662271,-16.279539976082287,Tech,14.94465229523506,10.68384884458307,7.0,0.0,270.0,21.423043250127094,-11.383151210492594,2.0,1.0
3.7674943098204507,269.12813300339496,1388.3006834441317,-3.678157238242413,-9.785809034999271,Consumer,15.400770683598019,10.955014517234059,,1.0,90.0,14.516110184676293,5.233702922218656,9.0,1.0
0.7895683134988845,92.93073459199849,173.0390255514851,5.70964903723371,-16.940387852052336,Finance,5.496528565255937,1.075007266029927,9.0,,90.0,14.33168851566823,7.726981957527676,9.0,
6.907312212875477,207.1742258196982,,60.01034769861063,11.140107078978975,Tech,22.837196315081602,,3.0,1.0,180.0,17.44233476031847,3.8162758309191114,3.0,0.0
0.292832833686856,710.4870633551778,153.03229942128596,13.577643025715105,-4.680325269920867,,24.575597902854167,17.204276234163398,4.0,,90.0,16.562988467869502,-0.5925454016717615,4.0,1.0
5.012855585456877,1255.743272133808,677.7915456376866,3.8272254329515114,23.51786028629511,Tech,10.616034571371097,,2.0,1.0,90.0,24.701002653179724,6.731537214014839,8.0,1.0
6.258356685497008,101.16491567925084,288.3977573619232,,-5.909912207219311,Energy,,1.812686779500863,10.0,0.0,180.0,19.11849701846428,7.441762883813529,9.0,1.0
2.70104528251618,1486.8408009320046,60.78449049305985,59.64260386657492,-15.626101503656942,Tech,4.861443928749758,7.01180775016869,3.0,1.0,270.0,13.610209566548832,4.459228557757507,3.0,1.0
7.149060241169402,3082.378407541455,17.03915277060154,47.97383276662667,-27.70571588919241,Industrial,16.585898619739734,,5.0,1.0,365.0,29.342644110934696,-4.5968980034780875,5.0,0.0
0.24780049681179636,750.0593635781286,191.86691190299896,,-32.04709514383917,Consumer,17.17121550936751,25.710300661103442,5.0,1.0,180.0,18.295849989121336,4.212806124089445,11.0,1.0
0.30450799426231506,6735.812492004861,110.86061524893123,,-28.762039145082348,Finance,11.736285762870423,6.9448195325448925,6.0,0.0,270.0,22.61303805581338,11.563845206603832,,1.0
,126.38290171802711,273.5126289319488,-5.545266668546091,-0.9931002348277485,Finance,23.917538443875134,19.13366362345038,7.0,1.0,180.0,14.350640955331444,,3.0,0.0
,62.36585593152222,171.2816440811256,,2.630875348449008,Consumer,9.969731585672957,5.12173362120633,7.0,1.0,270.0,20.17869376646714,18.78351471305945,7.0,1.0
1.087112330379424,27.992024397227468,361.11442958841735,21.933004028946606,,Industrial,17.09461592146016,1.344642815596866,1.0,,180.0,19.866659946859173,-2.2050474718830753,11.0,0.0
5.909228706232125,3804.9817243929383,20.833798986802496,23.729174588623817,8.425574711141731,Healthcare,6.607473763575347,2.931557969368384,2.0,1.0,270.0,6.662104247423082,2.25925610672109,8.0,1.0
11.757183523565882,1076.5841508466563,,63.204853546226445,-12.245915775251593,Tech,12.011550271383848,35.26492234119717,9.0,0.0,180.0,30.09165066276384,-3.3798847680506894,10.0,1.0
1.944944027439227,371.1561982830188,,43.9057502350165,,Industrial,10.972448458755919,5.6181752252797805,,0.0,270.0,25.743866765535284,3.786166687362087,11.0,1.0
7.801756949251943,613.9742194994575,2288.082868801277,41.39719430204019,,Energy,13.945888773085006,5.792801468663298,2.0,,180.0,15.616828103124075,,3.0,
0.7136882319191783,74.57209898837176,15.791343773089851,84.12505862252709,,Consumer,9.759916476961227,5.474833168465344,6.0,1.0,365.0,11.386381557264867,-2.3683343905337697,2.0,1.0
0.42452076728247523,15813.637338444634,1242.318717226394,,-9.027959718587486,Tech,11.258421682537172,49.60723001666518,,0.0,365.0,20.085369682821312,-6.7369696027885375,10.0,0.0
6.0632715250041676,,77.96339410874369,53.19600320203093,-18.367883381229312,Finance,19.997920694313553,37.56072345095354,3.0,1.0,90.0,18.520186196486378,3.0827067831383275,7.0,1.0
6.2232835415579375,,,31.425328122427114,-37.27723101993958,Healthcare,9.37401460617093,67.95054991144937,2.0,,270.0,20.134013691379376,9.955579004071259,12.0,1.0
8.116299585636927,,22.851242647910006,36.714806971581424,-15.787299788636302,Energy,4.646218855953627,6.3025530012227255,3.0,0.0,180.0,19.149464377164538,7.168049496916412,9.0,0.0
10.359684503333474,830.0731650805606,30.672756348545725,68.21171066031329,-8.166953582415417,Finance,34.80462716744769,9.930635646495704,5.0,0.0,270.0,21.037445935835557,-16.97327488687114,1.0,0.0
29.788456069599942,564.4354547123154,117.15510065447069,42.695893907240595,,,27.906857501606268,1.6215094109116672,10.0,1.0,365.0,26.683834196350837,18.336557223423043,3.0,1.0
5.81032895384285,123.25905968977014,139.92462411808498,43.457401976240824,-6.968854506384571,Tech,5.610514255254187,,6.0,1.0,270.0,21.408619230771876,4.362239524966947,5.0,1.0
3.1201577128478304,818.2783302059784,19.440139849496497,56.812683432745054,-3.847221755618477,Consumer,18.42714193993894,2.2984165946208095,9.0,,180.0,11.702067006540354,-4.211993123944002,3.0,1.0
12.68523183786149,6788.849356550981,,20.876181761427866,,Tech,9.008919459899035,9.177690227444288,10.0,1.0,270.0,26.17537711627471,3.2570233519275265,1.0,1.0
2.5268117234890983,3035.495855519262,2581.398655349781,9.01975831652484,,Industrial,14.269042482446311,2.466246779110352,,0.0,180.0,27.843687380929723,3.409518580021539,7.0,0.0
4.6238674501864105,4401.8489165883375,1223.6307052868415,3.8797701494741617,,Healthcare,14.534635806841873,,,,365.0,36.912340407072506,-3.3347897356125094,7.0,0.0
0.6536413486693592,,119.74717023582244,-19.158914734400042,1.629109743541136,Industrial,10.584125876234612,3.198677902453955,6.0,0.0,365.0,11.259035800562412,3.5833333387366038,10.0,0.0
0.20542087633179504,91.43174792386245,58.46371238747829,81.40517824850805,-21.35598616164269,,7.612111525859933,4.023389631759228,2.0,1.0,365.0,19.45729207890165,-2.859778300962458,12.0,0.0
26.299039386148817,334.05966670473805,67.76571496686744,2.4197908569579205,16.16398569619405,Consumer,8.050026381340395,4.309738790605097,10.0,1.0,,5.507407780866076,-1.2348959415201821,8.0,1.0
14.4621411369205,438.5997949322908,164.73404927062595,24.4686594103557,-6.478821984263926,Healthcare,7.030689992426489,,8.0,1.0,365.0,21.318894938275257,-3.490233086040676,5.0,0.0
9.525141862394733,2082.422748316135,8.6622402859172,23.079667502776985,-4.717255655827285,Tech,7.395758609865902,17.002049774875406,7.0,0.0,270.0,14.710798210999364,,10.0,0.0
4.206877155721135,31.85846282221935,34.35412959806918,,5.6232163488483575,Tech,11.701219018250212,2.44767160394848,7.0,0.0,90.0,29.54067476894972,3.1666917617230714,12.0,1.0
1.52245228913687,4001.10350854397,2.7089163038051334,50.39343031348242,,Energy,7.9291354462638814,,8.0,1.0,365.0,13.352310179888509,6.682395492130705,5.0,0.0
1.3609659325828332,318.2980322256588,,51.51183720899363,9.297049508698677,Finance,18.342692007021906,24.97709368633256,1.0,,270.0,7.864901772196429,6.119068768610978,5.0,1.0
2.3040479130126688,212.65654405978358,175.02917800192324,15.42306403577654,-0.6931375219726368,Energy,29.73568064321854,4.422935586552672,1.0,0.0,270.0,15.172417555784882,8.559402021081874,1.0,1.0
6.374325186506517,,22.88002748689375,25.821957155339714,-14.186560619606569,Energy,,3.6041325197370564,8.0,1.0,270.0,6.147073372697175,4.594721680118946,,1.0
10.030794302214206,33.70731891285003,928.1340510550868,37.06449876220749,0.4225528780915244,Tech,14.064342594470565,5.867774171660515,4.0,1.0,180.0,22.50659672704386,-2.261803985735228,5.0,0.0
8.635122797574388,1386.802305046578,6.011184435569952,23.782721845411324,-22.155893109809927,Consumer,16.44154011467845,24.040146613043706,5.0,1.0,90.0,5.609501722462078,8.71731091544951,6.0,1.0
2.6272980911119674,450.328335332298,3.9122991364517894,70.18363940049981,,Industrial,16.17070646595669,8.971991156262652,8.0,1.0,270.0,18.17074548709895,-8.86014031873548,12.0,0.0
24.784827988450452,58.26832588228179,81.77841008725066,42.27437379095628,,Industrial,12.750534097787892,4.343957093484671,5.0,1.0,180.0,5.533129080862819,-5.205371060099841,1.0,1.0
10.71213923900181,,359.5225656390966,48.371944651245435,-8.121752859088096,Industrial,19.02225198525919,11.987646379998289,10.0,1.0,365.0,16.07821317278015,,,1.0
6.46584385545065,243.79384023131638,1131.2402142886685,46.572031716685316,-6.9280626715839615,Healthcare,16.270430353332557,,,1.0,270.0,27.860268934827204,,7.0,1.0
7.5682437762994805,4932.159916033596,23.903104044326277,59.336846437133126,-33.22773568246458,Tech,5.797359449757801,14.604935367223387,6.0,1.0,180.0,,9.542308113120605,1.0,1.0
4.352302924256411,273.3117193608834,,34.525538967592674,-13.230873616114422,Consumer,20.521921138077484,11.118465755788966,5.0,1.0,270.0,12.819038370210396,5.898441896359959,11.0,1.0
2.277290338192508,42.32109114101101,50.94184840913225,-2.4207986988961636,-3.6073264828832796,Healthcare,20.746436611433882,5.4313706773586485,7.0,,90.0,17.812779066365497,10.575438921694378,2.0,0.0
3.520113034584899,279.04844475728873,40.01565930407635,39.992198793816044,-2.6021541200389944,Finance,7.706224180732987,3.194447676091838,10.0,1.0,90.0,18.10810123226668,-5.034262259295905,2.0,1.0
11.345454782053706,267.98061488564775,267.8930644067057,13.716077655204273,-20.415127113889373,Consumer,12.462980637801358,3.04444639793945,7.0,0.0,365.0,20.835782075060433,4.788760958887844,5.0,
0.11598463776643421,7.0615885663167575,176.65190912675087,,13.985617612970511,Energy,18.356750760224447,12.614126495143793,4.0,1.0,270.0,9.798849820315041,0.9986045729346862,10.0,0.0
0.9870431379198084,371.8749717090109,3.197899274233338,44.659100468877334,-17.992622723217515,Consumer,10.744690313769622,25.25389755666415,5.0,1.0,,,8.775056831079311,7.0,1.0
0.3767550156201642,285.3162472897943,778.8142957906792,60.9570767858409,9.541858007901052,Consumer,23.191523108740707,3.906696972713568,3.0,1.0,365.0,,1.0782061395824192,1.0,1.0
0.3326516153383394,1146.3170846961864,654.6916997780403,30.53178941840154,1.407915428075273,Industrial,50.316019059452366,11.685943433110134,4.0,1.0,270.0,14.220692685817138,-1.0795431072806494,10.0,0.0
15.473624268925269,,17.707479789329863,37.72082531497409,-14.693409647657045,,7.601977268928537,0.9166523286340662,4.0,1.0,365.0,15.070356945290733,6.32726814848792,1.0,
9.729924893605506,2186.041262418568,111.32416606527413,,21.62966338914268,Energy,5.319467679526082,4.118060373358358,,1.0,180.0,21.79996095642743,9.009353337529863,1.0,1.0
5.142276755303139,269.52656695352186,132.8544722185218,36.018829487214205,-22.904552476347202,Energy,14.618548350537086,7.163087242266745,10.0,0.0,365.0,18.135785116061214,-3.3467615587744133,6.0,0.0
0.823655347582506,76.72373683928363,87.287980982586,95.04207785450987,,Tech,18.782723847684867,2.975215826289564,5.0,1.0,365.0,9.56662167686228,1.5113946291809912,2.0,1.0
5.412143726377866,19149.649754796817,20.27625958450568,,10.008734770644674,Consumer,10.606639529031431,2.896472522934534,5.0,0.0,365.0,12.09004124509791,-6.467525069133222,1.0,
5.1316026567549695,,16.29857918927729,-14.01906897889544,-15.059303136149673,Industrial,29.13547191500047,3.7894483087727466,7.0,,270.0,19.192080057284443,-17.984488139943515,6.0,0.0
1.5215577024017999,411.9466859199974,52.143663678551945,48.83354052761331,15.88697950096493,Consumer,5.456658031231762,9.896614493743053,4.0,1.0,180.0,17.52559594881266,3.603677051309832,2.0,1.0
4.551193050418591,389.0906575660995,450.74971719206974,39.52895962206944,-8.750697718984291,Finance,18.462675873901293,6.126790140671697,4.0,1.0,90.0,14.52525534218552,6.8712428500370555,6.0,
4.066692916665655,543.0096770075187,145.25346898006217,62.24381885206864,-0.6695955608021444,,8.469601909874953,0.7880204534352787,9.0,1.0,270.0,15.114997262928124,4.096534472693804,10.0,1.0
7.653779463305076,324.88113667135457,28.019318038937918,46.829533781748964,-1.095172418431689,,34.17952374046048,0.8862996743758493,6.0,1.0,90.0,22.177007982955736,-13.596493742034937,8.0,0.0
8.064916288327296,170.63162442930116,218.9969229293813,26.538600400405656,-7.014631122058217,Tech,40.26607133114986,4.02745564165664,4.0,0.0,90.0,,-0.8067954406117965,2.0,1.0
0.37089859216427784,177.63157255249354,,-0.6074559072341437,7.162124097396731,,7.690655706671283,11.677764762981878,2.0,1.0,,,-15.74678208040865,,0.0
3.755072037240492,384.08738610352896,431.72044497949076,24.774418567849366,6.902330808283194,Energy,8.760611587665684,0.4735466532373548,6.0,0.0,270.0,31.019619528483258,12.957608861233478,9.0,0.0
7.864999958261828,178.5489589242109,2.383369393824647,8.736988644767496,-31.227979598572713,Energy,,4.482898500089376,2.0,0.0,,9.457904178696461,-6.688436656944688,8.0,0.0
5.595515620862318,138.48074988733555,28.434588398267095,15.486913754881932,14.56510364317229,Healthcare,9.657372469382432,4.365584749207702,5.0,1.0,180.0,6.888943610552047,,12.0,1.0
15.53079562540351,473.2601993328663,,44.71446011051524,-29.937379820535114,Industrial,11.85504208204427,29.61668183857504,6.0,1.0,365.0,22.701537988791642,9.566957149473165,10.0,
8.599798112439982,275.20992604018636,5.30990181076949,71.74761260878515,10.488193065124861,Consumer,12.369491181908336,5.0277782578170545,4.0,1.0,90.0,13.92814163223538,,1.0,1.0
1.4228229501384586,3850.620113965048,441.19555709512736,39.866788245574526,11.900577052413752,Industrial,3.85047341733422,10.837246867505147,3.0,1.0,180.0,16.090574833544277,-7.06227961014196,7.0,
0.5854594900499267,7.565097893020656,23.526744494410483,0.10292344912038942,-21.364496453227975,Healthcare,12.081765739865391,8.510129331726315,7.0,1.0,365.0,13.313061731213315,4.802961731090706,10.0,0.0
8.227153176871129,2074.0536946764623,101.87096741440477,41.115066705503516,-11.162214319318771,Energy,8.053955486730018,0.8775981484536859,2.0,1.0,180.0,16.441199155394926,-4.754592297464568,6.0,
,2615.283513394887,50.176307744879004,59.91578716614128,-21.585570027289037,Industrial,9.062330409399634,15.930049266942982,6.0,1.0,270.0,27.591228672578048,2.81987713726566,6.0,1.0
7.050779022458325,17.99177396307974,128.85316355156846,14.755427392015445,-8.22381545433103,,,,,1.0,180.0,22.812770751708715,-1.8626207264553467,6.0,0.0
22.538043643097215,241.2825392585307,62.69485606911947,26.64957083317706,-9.62051426278612,Energy,5.73217972088752,12.283644224839597,6.0,0.0,90.0,23.173341071321865,-12.249267315725067,6.0,
6.854259564620356,231.09726927520694,5.422809268860912,30.367204868229926,6.694907984040098,Healthcare,19.844425015603917,374.74196898879876,4.0,0.0,180.0,9.502637665244126,-15.843744152995672,10.0,0.0
,,328.0874783148472,10.377542172944,14.654631191794124,Energy,10.304928148210262,0.9193274218536787,4.0,0.0,90.0,11.093077580682785,3.8134739879567774,7.0,1.0
8.246617262759855,125.62169482464871,22.448822216820655,46.20701084609648,15.935257161849343,Tech,10.300000037769166,,4.0,1.0,270.0,0.9655280430874384,-2.492461970645003,12.0,1.0
4.90364779240873,,3.3139889425528133,,-13.432520398674532,Consumer,19.57441071825767,5.543092070892492,,1.0,90.0,13.143715073503476,-2.4247185353130583,3.0,0.0
6.310514884610561,5588.161745651785,25.26430955532372,40.48831109767569,-8.138328106167917,Energy,14.939829640699049,9.848595974882084,7.0,,180.0,23.740219118313952,7.566910712750283,6.0,
,1641.7492852644732,813.5176502801237,7.812695554947496,-30.251572883314253,Healthcare,17.15634023562577,7.060301490984134,3.0,1.0,365.0,21.101679094490226,11.387538213059559,3.0,0.0
3.903420218801497,,252.24457077335393,19.06354249191474,-17.08805099744283,Finance,21.77822889660366,4.83443210311743,3.0,,270.0,16.670920422287256,-0.18035777089447347,7.0,
25.99273489205403,1190.9517972865451,29.14916181165262,,9.472774496461863,Tech,9.986308152858195,4.179397392880146,6.0,0.0,180.0,17.86619829769168,,7.0,0.0
18.860609470159353,74.17464225463526,29.117405782682297,20.679171197705827,19.233742353223477,Finance,8.437262935708821,10.272893586025496,6.0,0.0,,13.866686744547566,6.00114426491107,8.0,
,183.68449790972863,30.601741154355885,73.17409628083513,-23.51523307819883,,6.352889088902375,1.620648379333293,4.0,1.0,270.0,,-8.855484557596602,,0.0
0.5750732424252561,840.5545409683251,2294.21581297103,20.00909535963494,-13.886963887293414,Tech,7.4242649415166655,15.651694212580246,9.0,1.0,,22.59526967688369,3.785224437981576,9.0,1.0
0.8498026838530417,64.50922821458457,108.57962925851082,35.61711814379715,-5.396086354383906,Consumer,71.48278526488708,4.873467008074333,4.0,1.0,180.0,8.304679275537163,6.415087774577232,,1.0
0.14711910277786963,1175.557339089238,118.40073911359893,53.31477079682725,-0.7975826177058982,Energy,25.70814193253819,2.3867453531541583,9.0,,365.0,19.79788612702409,7.441841667341033,9.0,1.0
0.7936400932460331,281.32537082224866,348.8040200207706,-5.45914332332579,-17.144052798824692,Consumer,,4.7114096029163255,,1.0,270.0,23.594609225728004,-13.49402162001972,10.0,
9.190998980617337,229.92859143053113,83.91635141895733,-14.020220299519394,1.360915666961346,Industrial,5.509782925643672,25.975381312611198,2.0,1.0,270.0,15.509398266219783,-4.090842158471525,5.0,
0.5907970155714162,1171.968335528978,,-8.141407864252372,-12.107590206063742,Finance,16.266692902220168,4.326093379677106,,1.0,180.0,22.2042036727235,-5.026106022587733,7.0,0.0
3.073257506358948,785.5585294189459,38.34293442698292,61.56460258567955,-5.216784063174186,Tech,16.917674070171195,10.57458645449348,5.0,0.0,90.0,34.88792666683532,2.7990956352737038,,0.0
14.908208320778217,234.75695649278205,47.99600282948631,16.203546352688832,3.1942637200554937,Consumer,16.93411626874077,3.557449033139294,4.0,1.0,180.0,17.37394324207865,5.845956638143871,9.0,1.0
0.18837602544569207,2296.162901484144,51.059926599717215,93.95498214170631,-4.903665952835933,Healthcare,10.454437441906496,15.76704259726123,7.0,0.0,270.0,20.359842300031943,13.973683259567851,4.0,1.0
13.476244049487669,,202.2962442084948,15.893810033565284,-11.54578835789853,,11.299149348583256,,5.0,1.0,180.0,13.571657498031652,-1.9597238429445847,2.0,0.0
2.6486677347170358,1016.2792171546215,59.94950319518649,34.613782579925925,-6.644147058887462,Healthcare,14.831120572601595,46.92773349952217,6.0,1.0,365.0,19.087506975612303,-1.9805799864737108,9.0,0.0
1.006000958632861,982.0594899852359,204.12899837789385,68.55274881419689,-6.3254443880800295,Energy,12.82678809276183,6.199297966937381,,1.0,90.0,20.761629749893824,11.197376151029976,2.0,1.0
9.545243267519307,253.58025001205309,47.21492998443357,80.15232220397807,-10.550165448231915,Tech,3.2169051902774135,14.42055767401728,4.0,1.0,180.0,19.16905404162083,4.372615508242441,3.0,0.0
7.931193411465762,657.996448150498,62.899822550705835,81.53758941590995,-8.881940940006535,Consumer,10.613430438845048,8.150404350162596,2.0,,,11.88182808174686,12.14121208950379,10.0,1.0
16.795326512695574,61.76455371448317,1.496664204287068,60.20915576482856,,,7.3093630758857095,27.000942744642774,10.0,0.0,270.0,19.238170627952705,4.30982402407869,2.0,1.0
10.626348630115203,1613.3056129035078,284.11804819744384,55.60156314528656,3.4137917191185814,,13.53294186575011,3.6008416593173633,9.0,,180.0,26.773175632305822,-7.256932949706167,3.0,0.0
13.015966447951826,305.71301283727223,,44.813173730029575,-9.432204770437405,Consumer,73.05082279347158,15.564696625287993,10.0,1.0,270.0,20.691814587087165,-8.665026838222452,6.0,1.0
2.6506708984539085,184.18035527034223,329.11860843182023,49.459026904165945,5.4543160676610345,Healthcare,15.187747226928893,,,1.0,365.0,23.771923134431045,-10.412097992471432,3.0,0.0
1.5626663683235757,1945.9660932096567,0.29722683402921823,16.220357091786667,-10.007292346340149,Consumer,10.09340447538852,6.929667435129564,,,270.0,16.577928179924236,7.296414678067785,10.0,0.0
,140.25812348482648,2342.735326468827,9.545027914442322,12.596869563799618,Finance,21.180499028136047,8.099096274855349,3.0,1.0,365.0,22.499401436542264,11.508774584696065,8.0,
13.153673465947357,48.77939818860309,,29.915638564726198,,Energy,16.274715909837326,9.509015954873226,10.0,1.0,365.0,19.675607029299155,16.794897131091048,11.0,1.0
37.256039121121844,39.05833273079934,401.3079429511812,25.74538443687679,-6.609532160063433,Industrial,,6.578264500850956,3.0,,365.0,12.294535621876609,8.74484265858592,6.0,
4.25663483322084,1001.2604417261316,8.399476069068303,18.669298766818123,1.7157538871541638,Healthcare,17.533447736144034,9.15878184208447,9.0,0.0,180.0,19.911126028793248,11.302708620279887,7.0,0.0
3.7219512956938616,,,47.409686186417886,-28.56314228102749,Finance,41.84306778532415,35.806092395106894,5.0,0.0,270.0,,-2.6401306612294775,1.0,0.0
11.983636026748696,5609.356426637362,8.197686548947393,53.88263021426277,-21.90151203364708,Energy,6.1809188324278725,19.7954019426865,3.0,1.0,270.0,14.20271835069125,-7.251326533950854,3.0,0.0
3.333869367446025,,17.76474491907389,32.210172157296185,-22.90887509598583,Tech,16.186527267754116,17.622114033253617,5.0,0.0,90.0,19.135969843754246,8.800634659340426,3.0,1.0
21.36110339519461,5139.363676478406,1711.7241852227992,66.93825202638155,-2.855853578544399,Healthcare,6.987838786877618,4.685443026514294,2.0,0.0,90.0,19.783465640280745,5.341446017915205,2.0,1.0
15.638713257329993,,38.73608825737562,1.457772146662375,20.98772499227638,Industrial,17.001602219233646,3.0366628683089547,4.0,1.0,90.0,10.864605209537226,2.8595549947271404,7.0,0.0
4.482844875537277,,80.75171269503709,25.158513518007048,28.469502192889486,Energy,7.020174625167676,19.2074948231588,,1.0,90.0,24.323914627097256,5.098971845063919,9.0,
11.118277731963689,178.14919436026392,261.41832845510845,12.079441984929876,4.5707665216113575,Industrial,9.483750987891957,17.743988677943733,2.0,1.0,270.0,21.43203766980284,4.585483859665647,4.0,0.0
11.237063894840137,734.1432488751223,133.25004467936338,-16.663415426826496,2.512667124166854,Tech,10.205696568041471,32.22268397341266,2.0,0.0,365.0,13.771629386334697,12.27053487882849,,
